r_squared,adj_r_squared,sigma,df,n
0.9903124061415421,0.9709372184246264,0.0432090234985225,"3,1",4
