r_squared,adj_r_squared,sigma,n,df_model,df_residual
0.9903124061415421,0.9709372184246264,0.0432090234985225,4,3,1
