term,Estimate,Std. Error,t value,Pr(>|t|),penalty_pct
strokes,0.03211122535826964,0.01229185681351779,2.6123982605260903,0.232737194808116,3.2632353821480997
