char,trials,median_rt_ms,mean_rt_ms,log_freq,strokes,freq,log_median_rt
han1,3,520,536.6666666666666,3.2,8,24.532530197109352,6.253828811575473
han2,3,680,530,2.85,12,17.28778184056764,6.522092798170152
han3,3,470,470,3.55,6,34.81331748760201,6.152732694704104
han4,3,820,816.6666666666666,1.9,10,6.6858944422792685,6.709304340258298
