"char","mean_log_rt","acc_rate","log_freq","strokes"
"han1",6.33364388437142,0.666666666666667,3.2,8
"han2",6.53658656660678,0.666666666666667,2.85,12
"han3",6.15182648693452,0.666666666666667,3.55,6
"han4",6.70511392290562,1,1.9,10
